sample	true_super_pop	kmeans	ward
NA19024	AFR	0	1
HG03117	AFR	0	1
NA19238	AFR	0	1
HG01956	AFR	0	1
HG00284	EUR	4	0
NA19404	AFR	0	1
HG01530	EUR	4	0
NA19445	AFR	0	1
HG01200	AMR	4	0
NA20532	EUR	4	0
HG01086	AMR	4	0
NA18934	AFR	0	1
HG03595	SAS	1	3
HG02078	EAS	2	2
NA19307	AFR	0	1
NA18878	AFR	0	1
HG00157	EUR	4	0
HG00732	AMR	4	0
HG03460	AFR	0	1
HG01088	AMR	4	0
HG03913	SAS	1	3
HG01377	AMR	4	0
NA20764	EUR	4	0
HG00321	EUR	4	0
HG03998	SAS	1	3
HG03629	SAS	1	3
NA19189	AFR	0	1
HG02860	AFR	0	1
HG02878	AFR	0	1
HG04173	SAS	1	3
NA20885	SAS	1	3
HG00557	EAS	2	2
HG04194	SAS	1	3
NA18505	AFR	0	1
HG00614	EAS	2	2
NA18612	EAS	2	2
HG02685	SAS	1	3
HG01527	EUR	4	0
NA18991	EAS	2	2
HG02070	EAS	2	2
HG00188	EUR	4	0
HG02888	AFR	0	1
HG00369	EUR	4	0
HG03740	SAS	1	3
HG01341	AMR	3	0
HG03547	AFR	0	1
HG01518	EUR	4	0
HG00360	EUR	4	0
HG02052	AFR	0	1
HG00620	EAS	2	2
NA19063	EAS	2	2
HG03520	AFR	0	1
NA19059	EAS	2	2
NA19108	AFR	0	1
HG03472	AFR	0	1
NA18988	EAS	2	2
HG02064	EAS	2	2
HG02660	SAS	1	3
HG01924	AMR	3	4
HG03397	AFR	0	1
NA19471	AFR	0	1
NA20827	EUR	4	0
HG02356	EAS	2	2
NA19704	AFR	0	1
NA18571	EAS	2	2
HG00378	EUR	4	0
HG01806	EAS	2	2
HG04216	SAS	1	3
HG02861	AFR	0	1
HG00273	EUR	4	0
HG01060	AMR	4	0
HG00255	EUR	4	0
NA19327	AFR	0	1
HG02485	AFR	0	1
HG03190	AFR	0	1
HG03718	SAS	1	3
HG01360	AMR	4	0
NA18748	EAS	2	2
HG03198	AFR	0	1
HG02278	AMR	3	4
HG00311	EUR	4	0
NA19037	AFR	0	1
HG03999	SAS	1	3
NA20533	EUR	4	0
HG00313	EUR	4	0
NA19792	AMR	4	0
HG00306	EUR	4	0
NA18876	AFR	0	1
HG01802	EAS	2	2
HG02477	AFR	0	1
NA18993	EAS	2	2
HG03046	AFR	0	1
NA19713	AFR	0	0
HG02182	EAS	2	2
HG03788	SAS	1	3
HG00272	EUR	4	0
HG00173	EUR	4	0
HG00123	EUR	4	0
HG03265	AFR	0	1
NA18987	EAS	2	2
HG01378	AMR	3	0
NA19213	AFR	0	1
HG01595	EAS	2	2
NA20502	EUR	4	0
HG00146	EUR	4	0
HG00607	EAS	2	2
HG00141	EUR	4	0
NA11831	EUR	4	0
HG00318	EUR	4	0
HG00437	EAS	2	2
NA20808	EUR	4	0
NA19214	AFR	0	1
NA18638	EAS	2	2
HG02774	SAS	1	3
HG02181	EAS	2	2
HG03054	AFR	0	1
HG01596	EAS	2	2
HG02501	AFR	0	1
HG03511	AFR	0	1
HG00864	EAS	2	2
NA19114	AFR	0	1
HG04211	SAS	1	3
HG01110	AMR	4	0
HG03863	SAS	1	3
HG02461	AFR	0	1
HG02035	EAS	2	2
HG00693	EAS	2	2
HG03968	SAS	1	3
HG03598	SAS	1	3
HG01080	AMR	4	0
HG03991	SAS	1	3
NA19741	AMR	3	4
NA19153	AFR	0	1
HG01812	EAS	2	2
HG02304	AMR	3	4
HG00251	EUR	4	0
NA18520	AFR	0	1
HG02855	AFR	0	1
NA20900	SAS	1	3
HG01889	AFR	0	1
NA19028	AFR	0	1
HG02325	AFR	0	1
HG01097	AMR	4	0
HG02238	EUR	4	0
NA20282	AFR	0	0
NA19319	AFR	0	1
HG00525	EAS	2	2
HG01680	EUR	4	0
HG00256	EUR	4	0
HG00335	EUR	4	0
NA12155	EUR	4	0
HG02396	EAS	2	2
HG02465	AFR	0	1
HG03708	SAS	1	3
HG00121	EUR	4	0
NA12873	EUR	4	0
HG00556	EAS	2	2
NA19346	AFR	0	1
HG01104	AMR	4	0
HG00315	EUR	4	0
HG00130	EUR	4	0
NA19835	AFR	0	1
HG04029	SAS	1	3
HG01356	AMR	4	0
HG02816	AFR	0	1
HG03105	AFR	0	1
HG00368	EUR	4	0
HG00743	AMR	4	0
NA19782	AMR	3	0
HG02700	SAS	1	3
HG02047	EAS	2	2
HG03753	SAS	1	3
HG01072	AMR	4	0
HG01615	EUR	4	0
HG01489	AMR	4	0
HG03624	SAS	1	3
NA20348	AFR	0	1
HG01566	AMR	3	0
NA18538	EAS	2	2
NA20544	EUR	4	0
NA19315	AFR	0	1
HG03108	AFR	0	1
HG03559	AFR	0	1
HG00345	EUR	4	0
HG02885	AFR	0	1
HG01861	EAS	2	2
HG04189	SAS	1	3
HG02736	SAS	1	3
NA19462	AFR	0	1
NA18870	AFR	0	1
HG01257	AMR	4	0
NA18969	EAS	2	2
HG01847	EAS	2	2
HG02298	AMR	3	0
HG03679	SAS	1	3
HG00133	EUR	4	0
HG03235	SAS	1	3
HG01164	AMR	4	0
HG02787	SAS	1	3
HG02577	AFR	0	1
HG01498	AMR	4	0
HG00542	EAS	2	2
HG00150	EUR	4	0
HG04075	SAS	1	3
HG01800	EAS	2	2
HG02789	SAS	1	3
HG01709	EUR	4	0
HG03874	SAS	1	3
HG03782	SAS	1	3
HG01486	AMR	4	0
HG01161	AMR	4	0
HG01675	EUR	4	0
HG02147	AMR	3	4
HG03611	SAS	1	3
HG03237	SAS	1	3
HG02545	AFR	0	1
HG02284	AFR	0	1
HG02076	EAS	2	2
NA06994	EUR	4	0
HG02727	SAS	1	3
HG03557	AFR	0	1
NA19455	AFR	0	1
NA18632	EAS	2	2
NA19917	AFR	0	1
HG04155	SAS	1	3
HG01047	AMR	4	0
NA21114	SAS	1	3
HG02648	SAS	1	3
NA19375	AFR	0	1
NA20890	SAS	1	3
HG03419	AFR	0	1
NA19661	AMR	3	0
NA12287	EUR	4	0
NA21127	SAS	1	3
HG04061	SAS	1	3
HG03965	SAS	1	3
HG01857	EAS	2	2
HG03007	SAS	1	3
HG01606	EUR	4	0
HG03703	SAS	1	3
NA20819	EUR	4	0
NA19075	EAS	2	2
HG00634	EAS	2	2
HG03886	SAS	1	3
HG00406	EAS	2	2
HG03615	SAS	1	3
HG02884	AFR	0	1
HG03746	SAS	1	3
HG02568	AFR	0	1
HG00739	AMR	4	0
NA19332	AFR	0	1
NA18591	EAS	2	2
HG00117	EUR	4	0
HG02654	SAS	1	3
HG01920	AMR	3	4
NA20514	EUR	4	0
NA20795	EUR	4	0
HG03246	AFR	0	1
HG01791	EUR	4	0
NA19904	AFR	0	1
HG00174	EUR	4	0
HG00533	EAS	2	2
NA20528	EUR	4	0
HG03058	AFR	0	1
NA18565	EAS	2	2
HG03376	AFR	0	1
HG02513	EAS	2	2
HG00320	EUR	4	0
NA19017	AFR	0	1
NA18609	EAS	2	2
NA19130	AFR	0	1
NA18606	EAS	2	2
HG00675	EAS	2	2
HG03157	AFR	0	1
NA21141	SAS	1	3
HG01914	AFR	0	1
NA19788	AMR	3	0
HG02095	AFR	0	1
HG01046	EAS	2	2
HG03258	AFR	0	1
HG03162	AFR	0	1
HG00851	EAS	2	2
HG00278	EUR	4	0
HG02574	AFR	0	1
HG03055	AFR	0	1
HG03693	SAS	1	3
HG01170	AMR	4	0
HG00185	EUR	4	0
NA18622	EAS	2	2
NA19786	AMR	3	0
NA06986	EUR	4	0
NA21095	SAS	1	3
NA18488	AFR	0	1
HG03765	SAS	1	3
HG02580	AFR	0	1
NA20853	SAS	1	3
HG02232	EUR	4	0
HG00120	EUR	4	0
NA18964	EAS	2	2
NA19082	EAS	2	2
NA18592	EAS	2	2
NA19129	AFR	0	1
HG03111	AFR	0	1
NA19385	AFR	0	1
HG03744	SAS	1	3
HG03716	SAS	1	3
HG03914	SAS	1	3
HG03731	SAS	1	3
NA18542	EAS	2	2
HG03015	SAS	1	3
HG01537	EUR	4	0
HG02775	SAS	1	3
NA18573	EAS	2	2
HG01305	AMR	4	0
NA12275	EUR	4	0
HG00692	EAS	2	2
NA18595	EAS	2	2
HG01383	AMR	4	0
NA20870	SAS	1	3
HG01509	EUR	4	0
NA18566	EAS	2	2
HG04056	SAS	1	3
NA19350	AFR	0	1
NA20507	EUR	4	0
HG01948	AMR	3	4
NA19729	AMR	3	4
HG01685	EUR	4	0
NA19719	AMR	3	0
HG01435	AMR	3	4
HG02778	SAS	1	3
NA20783	EUR	4	0
NA18942	EAS	2	2
NA19310	AFR	0	1
NA18970	EAS	2	2
HG00698	EAS	2	2
HG02386	EAS	2	2
HG00139	EUR	4	0
NA18940	EAS	2	2
HG02490	SAS	1	3
NA19649	AMR	4	0
NA18523	AFR	0	1
HG03432	AFR	0	1
HG00598	EAS	2	2
NA19436	AFR	0	1
NA18874	AFR	0	1
HG00187	EUR	4	0
HG03172	AFR	0	1
HG04015	SAS	1	3
HG01250	AMR	4	0
HG00334	EUR	4	0
NA20357	AFR	0	1
NA20852	SAS	1	3
HG02127	EAS	2	2
HG01474	AMR	4	0
HG00350	EUR	4	0
HG03585	SAS	1	3
HG03636	SAS	1	3
HG03025	AFR	0	1
NA19026	AFR	0	1
NA20512	EUR	4	0
NA19149	AFR	0	1
HG00190	EUR	4	0
NA19378	AFR	0	1
HG03452	AFR	0	1
HG02597	SAS	1	3
HG03640	SAS	1	3
NA19722	AMR	3	0
NA18516	AFR	0	1
HG03844	SAS	1	3
HG02481	AFR	0	1
HG03461	AFR	0	1
HG04054	SAS	1	3
HG02028	EAS	2	2
HG01923	AMR	3	4
HG00179	EUR	4	0
HG00107	EUR	4	0
HG03894	SAS	1	3
HG01880	AFR	0	0
HG01497	AMR	3	0
HG03752	SAS	1	3
HG02081	EAS	2	2
HG01746	EUR	4	0
NA18640	EAS	2	2
HG00356	EUR	4	0
HG00267	EUR	4	0
HG02690	SAS	1	3
HG00625	EAS	2	2
HG02571	AFR	0	1
HG03478	AFR	0	1
HG02260	AMR	3	4
HG00580	EAS	2	2
HG02391	EAS	2	2
NA18582	EAS	2	2
HG00122	EUR	4	0
HG02075	EAS	2	2
HG01431	AMR	4	0
NA19758	AMR	3	4
HG03926	SAS	1	3
HG01113	AMR	4	0
NA19779	AMR	4	0
HG01142	AMR	3	0
HG00476	EAS	2	2
HG02814	AFR	0	1
HG02977	AFR	0	1
HG02675	AFR	0	1
NA19247	AFR	0	1
NA12815	EUR	4	0
HG04162	SAS	1	3
HG02051	AFR	0	1
NA20815	EUR	4	0
NA19723	AMR	4	0
HG01550	AMR	4	0
NA21087	SAS	1	3
HG02976	AFR	0	1
HG01447	AMR	4	0
HG03304	AFR	0	1
HG02152	EAS	2	2
NA06985	EUR	4	0
NA12749	EUR	4	0
HG04177	SAS	1	3
HG04239	SAS	1	3
HG01055	AMR	4	0
NA19474	AFR	0	1
HG01770	EUR	4	0
HG03594	SAS	1	3
NA20787	EUR	4	0
NA19072	EAS	2	2
HG02385	EAS	2	2
HG01522	EUR	4	0
HG00674	EAS	2	2
HG03995	SAS	1	3
HG01917	AMR	3	4
HG02330	AFR	0	1
HG00637	AMR	4	0
HG03808	SAS	1	3
HG01108	AMR	0	0
NA20889	SAS	1	3
HG01363	AMR	4	0
HG02731	SAS	1	3
HG00097	EUR	4	0
HG01686	EUR	4	0
HG03940	SAS	1	3
HG01980	AMR	3	0
NA18634	EAS	2	2
HG02696	SAS	1	3
HG03762	SAS	1	3
HG02688	SAS	1	3
NA12716	EUR	4	0
HG02236	EUR	4	0
NA12718	EUR	4	0
HG03943	SAS	1	3
HG03342	AFR	0	1
HG02108	AFR	0	1
HG03697	SAS	1	3
NA11881	EUR	4	0
HG01578	AMR	3	0
HG00274	EUR	4	0
HG01167	AMR	4	0
HG01069	AMR	4	0
HG02646	AFR	0	1
HG04140	SAS	1	3
HG02142	EAS	2	2
HG01605	EUR	4	0
NA19740	AMR	3	4
NA20790	EUR	4	0
NA20884	SAS	1	3
HG03196	AFR	0	1
NA18613	EAS	2	2
NA19102	AFR	0	1
NA18627	EAS	2	2
HG03869	SAS	1	3
NA19066	EAS	2	2
HG01816	EAS	2	2
HG03103	AFR	0	1
HG04107	SAS	1	3
HG01325	AMR	4	0
HG02402	EAS	2	2
HG03838	SAS	1	3
NA20811	EUR	4	0
NA18552	EAS	2	2
NA19257	AFR	0	1
HG03631	SAS	1	3
NA21118	SAS	1	3
HG02057	EAS	2	2
NA20524	EUR	4	0
HG01089	AMR	4	0
NA20765	EUR	4	0
HG02808	AFR	0	1
HG02282	AFR	0	1
NA12400	EUR	4	0
HG02649	SAS	1	3
HG02896	AFR	0	1
HG03730	SAS	1	3
HG02020	EAS	2	2
HG03114	AFR	0	1
HG01491	AMR	4	0
NA20775	EUR	4	0
HG03711	SAS	1	3
HG03126	AFR	0	1
NA19057	EAS	2	2
HG00457	EAS	2	2
NA19172	AFR	0	1
HG02651	SAS	1	3
NA20521	EUR	4	0
NA11919	EUR	4	0
NA18995	EAS	2	2
NA18526	EAS	2	2
HG00145	EUR	4	0
HG02398	EAS	2	2
HG03009	SAS	1	3
HG00114	EUR	4	0
NA12340	EUR	4	0
HG02090	AMR	3	0
HG02031	EAS	2	2
NA20881	SAS	1	3
HG02642	AFR	0	1
HG02536	AFR	0	1
HG00592	EAS	2	2
NA18489	AFR	0	1
NA20874	SAS	1	3
NA19011	EAS	2	2
HG01444	AMR	3	0
HG02134	EAS	2	2
HG00366	EUR	4	0
HG02121	EAS	2	2
HG01921	AMR	3	0
HG02265	AMR	3	4
HG02614	AFR	0	1
HG02449	AFR	0	1
NA19625	AFR	0	1
NA12414	EUR	4	0
NA12830	EUR	4	0
NA21142	SAS	1	3
HG04212	SAS	1	3
HG01492	AMR	4	0
NA19749	AMR	4	0
NA18858	AFR	0	1
HG01275	AMR	4	0
HG03713	SAS	1	3
HG01066	AMR	4	0
HG02397	EAS	2	2
NA11930	EUR	4	0
NA20752	EUR	4	0
NA18625	EAS	2	2
NA21108	SAS	1	3
HG01784	EUR	4	0
NA19006	EAS	2	2
HG04235	SAS	1	3
HG03442	AFR	0	1
NA19648	AMR	4	0
HG00663	EAS	2	2
HG02546	AFR	0	1
HG01525	EUR	4	0
NA20812	EUR	4	0
HG01048	AMR	4	0
HG02144	AFR	0	1
HG02140	EAS	2	2
HG01432	AMR	4	0
HG00341	EUR	4	0
NA19001	EAS	2	2
HG02105	AMR	3	4
NA20314	AFR	3	4
NA18648	EAS	2	2
HG00581	EAS	2	2
HG01130	AMR	4	0
HG02224	EUR	4	0
HG04039	SAS	1	3
HG03698	SAS	1	3
HG01598	EAS	2	2
NA20785	EUR	4	0
HG01190	AMR	4	0
HG01102	AMR	4	0
HG00524	EAS	2	2
HG03124	AFR	0	1
NA19031	AFR	0	1
NA19086	EAS	2	2
NA19780	AMR	4	0
HG02562	AFR	0	1
HG01912	AFR	0	1
HG00632	EAS	2	2
HG01174	AMR	4	0
HG03796	SAS	1	3
NA19118	AFR	0	1
NA19198	AFR	0	1
NA12342	EUR	4	0
HG02255	AFR	0	1
HG01883	AFR	0	1
NA18507	AFR	0	1
HG01840	EAS	2	2
NA12814	EUR	4	0
HG02561	AFR	0	1
NA18599	EAS	2	2
NA12778	EUR	4	0
NA19206	AFR	0	1
HG03169	AFR	0	1
NA19701	AFR	0	1
HG01456	AMR	4	0
HG01369	AMR	4	0
NA21133	SAS	1	3
HG03603	SAS	1	3
HG02069	EAS	2	2
HG03449	AFR	0	1
HG01073	AMR	4	0
HG00428	EAS	2	2
NA19025	AFR	0	1
NA11892	EUR	4	0
HG02682	SAS	1	3
NA19679	AMR	4	0
NA20828	EUR	4	0
NA19204	AFR	0	1
NA18567	EAS	2	2
HG03897	SAS	1	3
NA20276	AFR	0	0
HG03313	AFR	0	1
HG01501	EUR	4	0
HG00543	EAS	2	2
HG00233	EUR	4	0
NA20586	EUR	4	0
HG01441	AMR	3	0
NA20755	EUR	4	0
HG00651	EAS	2	2
HG00364	EUR	4	0
HG04076	SAS	1	3
NA18879	AFR	0	1
HG03072	AFR	0	1
HG00622	EAS	2	2
HG03873	SAS	1	3
HG01855	EAS	2	2
NA18510	AFR	0	1
HG03900	SAS	1	3
HG01251	AMR	4	0
HG02464	AFR	0	1
HG02032	EAS	2	2
NA20340	AFR	0	1
HG03937	SAS	1	3
NA11832	EUR	4	0
HG01670	EUR	4	0
HG02629	AFR	0	1
HG03428	AFR	0	1
HG03888	SAS	1	3
HG03193	AFR	0	1
HG00436	EAS	2	2
HG01259	AMR	4	0
HG01028	EAS	2	2
HG00404	EAS	2	2
HG02554	AFR	0	1
NA18948	EAS	2	2
NA19795	AMR	3	0
NA12843	EUR	4	0
HG03971	SAS	1	3
NA20359	AFR	0	1
HG03789	SAS	1	3
HG03457	AFR	0	1
NA19042	AFR	0	1
NA20803	EUR	4	0
HG03925	SAS	1	3
HG00560	EAS	2	2
NA19184	AFR	0	1
HG00310	EUR	4	0
NA19391	AFR	0	1
HG00442	EAS	2	2
HG02476	AFR	0	1
NA12812	EUR	4	0
HG02589	AFR	0	1
HG03016	SAS	1	3
HG00138	EUR	4	0
NA12348	EUR	4	0
HG03832	SAS	1	3
NA21089	SAS	1	3
HG04070	SAS	1	3
NA19222	AFR	0	1
HG00116	EUR	4	0
HG02522	EAS	2	2
NA20904	SAS	1	3
HG03607	SAS	1	3
HG02184	EAS	2	2
HG03133	AFR	0	1
HG01613	EUR	4	0
HG02392	EAS	2	2
HG04214	SAS	1	3
HG00608	EAS	2	2
NA18642	EAS	2	2
HG01786	EUR	4	0
HG03548	AFR	0	1
NA12234	EUR	4	0
HG03558	AFR	0	1
HG02471	AFR	0	1
HG01765	EUR	4	0
HG00105	EUR	4	0
HG01054	AMR	4	0
HG02840	AFR	0	1
NA12347	EUR	4	0
HG01384	AMR	4	0
HG00309	EUR	4	0
NA20886	SAS	1	3
HG04106	SAS	1	3
HG00881	EAS	2	2
NA19036	AFR	0	1
HG02425	AMR	3	0
HG02111	AFR	0	1
HG01577	AMR	3	0
HG01191	AMR	4	0
NA19080	EAS	2	2
HG03717	SAS	1	3
HG04141	SAS	1	3
NA18504	AFR	0	1
HG04146	SAS	1	3
HG01600	EAS	2	2
HG02138	EAS	2	2
NA19655	AMR	4	0
HG04200	SAS	1	3
HG01253	AMR	4	0
NA19759	AMR	3	4
HG02573	AFR	0	1
HG00113	EUR	4	0
HG02851	AFR	0	1
HG03370	AFR	0	1
HG01177	AMR	4	0
NA12045	EUR	4	0
NA19096	AFR	0	1
HG00383	EUR	4	0
HG03380	AFR	0	1
NA12842	EUR	4	0
NA19320	AFR	0	1
HG01844	EAS	2	2
HG01850	EAS	2	2
NA11894	EUR	4	0
HG02734	SAS	1	3
HG00531	EAS	2	2
NA18502	AFR	0	1
HG02666	AFR	0	1
HG02266	AMR	3	4
HG03115	AFR	0	1
HG01465	AMR	4	0
HG02839	AFR	0	1
NA12777	EUR	4	0
HG00472	EAS	2	2
HG03473	AFR	0	1
HG03436	AFR	0	1
HG03870	SAS	1	3
NA18945	EAS	2	2
HG01256	AMR	4	0
HG02792	SAS	1	3
HG03578	AFR	0	1
NA20518	EUR	4	0
HG03294	AFR	0	1
NA20856	SAS	1	3
NA21086	SAS	1	3
HG00982	EAS	2	2
HG01437	AMR	4	0
HG04188	SAS	1	3
NA18978	EAS	2	2
HG00629	EAS	2	2
NA18982	EAS	2	2
HG02086	EAS	2	2
HG03074	AFR	0	1
HG01500	EUR	4	0
HG04094	SAS	1	3
HG01052	AMR	4	0
NA20320	AFR	0	1
HG02026	EAS	2	2
NA19457	AFR	0	1
HG01393	AMR	4	0
HG03129	AFR	0	1
NA19067	EAS	2	2
HG03729	SAS	1	3
HG02511	AFR	0	1
NA20845	SAS	1	3
NA18644	EAS	2	2
NA20510	EUR	4	0
HG03977	SAS	1	3
NA19131	AFR	0	1
NA18525	EAS	2	2
HG00234	EUR	4	0
HG01443	AMR	3	4
NA18603	EAS	2	2
NA18610	EAS	2	2
HG03902	SAS	1	3
HG00626	EAS	2	2
HG01684	EUR	4	0
HG01366	AMR	3	0
NA19055	EAS	2	2
NA20908	SAS	1	3
HG03787	SAS	1	3
NA19043	AFR	0	1
HG01171	AMR	4	0
HG01392	AMR	4	0
HG01796	EAS	2	2
NA19717	AMR	3	0
HG02772	AFR	0	1
NA19010	EAS	2	2
NA19762	AMR	3	0
HG03858	SAS	1	3
NA19185	AFR	0	1
NA19137	AFR	0	1
NA18564	EAS	2	2
NA20797	EUR	4	0
HG03166	AFR	0	1
HG02691	SAS	1	3
HG01134	AMR	4	0
NA19439	AFR	0	1
HG03887	SAS	1	3
HG03709	SAS	1	3
NA12776	EUR	4	0
NA20754	EUR	4	0
NA18871	AFR	0	1
HG02799	AFR	0	1
HG03039	AFR	0	1
NA18951	EAS	2	2
HG01162	AMR	4	0
HG02180	EAS	2	2
HG02087	EAS	2	2
NA20902	SAS	1	3
NA20911	SAS	1	3
HG02301	AMR	3	4
HG01303	AMR	4	0
HG01672	EUR	4	0
HG00183	EUR	4	0
HG04026	SAS	1	3
HG01302	AMR	4	0
HG02061	EAS	2	2
HG03919	SAS	1	3
HG03890	SAS	1	3
HG03963	SAS	1	3
NA19085	EAS	2	2
HG01941	AMR	3	4
NA12489	EUR	4	0
HG03695	SAS	1	3
NA18536	EAS	2	2
NA12282	EUR	4	0
HG00708	EAS	2	2
HG02281	AFR	0	1
HG01241	AMR	0	0
HG00844	EAS	2	2
HG03490	SAS	1	3
HG03247	AFR	0	1
HG00281	EUR	4	0
HG02314	AFR	0	1
HG01124	AMR	3	0
HG01077	AMR	4	0
HG02502	AFR	0	1
HG02307	AFR	0	1
NA18956	EAS	2	2
NA18597	EAS	2	2
HG00653	EAS	2	2
NA20588	EUR	4	0
HG03950	SAS	1	3
HG01852	EAS	2	2
HG01082	AMR	4	0
NA19461	AFR	0	1
HG02715	AFR	0	1
NA19720	AMR	3	4
NA18645	EAS	2	2
HG03189	AFR	0	1
HG03241	AFR	0	1
NA19070	EAS	2	2
HG03078	AFR	0	1
NA18629	EAS	2	2
HG02274	AMR	3	4
NA19005	EAS	2	2
HG03012	SAS	1	3
NA20809	EUR	4	0
HG02854	AFR	0	1
NA20847	SAS	1	3
NA12762	EUR	4	0
HG01620	EUR	4	0
HG01773	EUR	4	0
HG03750	SAS	1	3
HG01350	AMR	3	0
HG03949	SAS	1	3
HG01599	EAS	2	2
HG02684	SAS	1	3
HG04038	SAS	1	3
NA19089	EAS	2	2
HG02187	EAS	2	2
HG02271	AMR	3	4
HG01988	AFR	0	0
NA19190	AFR	0	1
HG02807	AFR	0	1
HG01886	AFR	0	1
HG01389	AMR	4	0
HG02462	AFR	0	1
HG02479	AFR	0	1
HG01586	SAS	1	3
HG01079	AMR	4	0
HG01700	EUR	4	0
NA11994	EUR	4	0
HG02624	AFR	0	1
HG01626	EUR	4	0
HG01061	AMR	4	0
HG01105	AMR	4	0
HG02938	AFR	0	1
NA12273	EUR	4	0
NA20759	EUR	4	0
HG02645	AFR	0	1
HG03756	SAS	1	3
NA19351	AFR	0	1
NA18992	EAS	2	2
HG02508	AFR	0	1
NA11932	EUR	4	0
HG01603	EUR	4	0
HG03095	AFR	0	1
HG03668	SAS	1	3
HG02699	SAS	1	3
HG01083	AMR	4	0
NA19225	AFR	0	1
NA19428	AFR	0	1
HG01958	AFR	0	1
HG00513	EAS	2	2
HG02971	AFR	0	1
HG03920	SAS	1	3
NA18535	EAS	2	2
NA20799	EUR	4	0
HG02058	EAS	2	2
HG00177	EUR	4	0
NA19923	AFR	0	0
NA20905	SAS	1	3
HG03499	AFR	0	1
HG02337	AFR	0	1
HG00304	EUR	4	0
HG01085	AMR	4	0
HG00583	EAS	2	2
NA18486	AFR	0	1
NA18960	EAS	2	2
HG01982	AMR	3	4
HG03864	SAS	1	3
NA19019	AFR	0	1
HG00342	EUR	4	0
HG01354	AMR	4	0
HG02621	AFR	0	1
NA18593	EAS	2	2
NA21115	SAS	1	3
HG02658	SAS	1	3
NA20767	EUR	4	0
NA20821	EUR	4	0
HG02186	EAS	2	2
NA19452	AFR	0	1
HG01885	AFR	0	1
NA18976	EAS	2	2
HG03849	SAS	1	3
HG00160	EUR	4	0
NA20863	SAS	1	3
NA19681	AMR	3	0
HG02953	AFR	0	1
NA18533	EAS	2	2
HG00640	AMR	4	0
HG04225	SAS	1	3
HG00537	EAS	2	2
HG03910	SAS	1	3
NA19475	AFR	0	1
NA18537	EAS	2	2
NA18965	EAS	2	2
HG02697	SAS	1	3
HG01125	AMR	4	0
NA18861	AFR	0	1
HG02395	EAS	2	2
HG04202	SAS	1	3
HG03616	SAS	1	3
HG01173	AMR	4	0
HG01524	EUR	4	0
HG00262	EUR	4	0
HG01398	AMR	4	0
HG01968	AMR	3	4
NA11992	EUR	4	0
HG03969	SAS	1	3
HG03369	AFR	0	1
HG02694	SAS	1	3
NA20536	EUR	4	0
NA20773	EUR	4	0
HG02439	AFR	0	1
HG03268	AFR	0	1
HG00258	EUR	4	0
HG03202	AFR	0	1
NA12156	EUR	4	0
HG01098	AMR	4	0
NA18517	AFR	0	1
NA18559	EAS	2	2
HG02760	AFR	0	1
HG03018	SAS	1	3
HG00326	EUR	4	0
NA18953	EAS	2	2
NA18968	EAS	2	2
HG03727	SAS	1	3
NA20774	EUR	4	0
HG00705	EAS	2	2
HG03673	SAS	1	3
NA19077	EAS	2	2
HG03401	AFR	0	1
HG01176	AMR	4	0
NA12046	EUR	4	0
HG02819	AFR	0	1
NA18623	EAS	2	2
NA19746	AMR	3	4
NA19725	AMR	3	0
NA19463	AFR	0	1
NA11829	EUR	4	0
NA21097	SAS	1	3
HG02283	AFR	0	1
HG03775	SAS	1	3
NA19467	AFR	0	1
HG01455	AMR	4	0
HG01357	AMR	4	0
NA19707	AFR	0	1
NA21128	SAS	1	3
HG00530	EAS	2	2
HG03064	AFR	0	1
HG03686	SAS	1	3
NA20778	EUR	4	0
NA19783	AMR	3	0
HG00595	EAS	2	2
NA18635	EAS	2	2
NA18974	EAS	2	2
HG00729	EAS	2	2
HG01669	EUR	4	0
HG00358	EUR	4	0
HG00136	EUR	4	0
NA20859	SAS	1	3
HG01790	EUR	4	0
NA18944	EAS	2	2
NA19716	AMR	3	4
HG01809	EAS	2	2
HG03410	AFR	0	1
HG02716	AFR	0	1
HG02079	EAS	2	2
HG02073	EAS	2	2
HG03291	AFR	0	1
NA18910	AFR	0	1
HG00180	EUR	4	0
NA19395	AFR	0	1
NA18602	EAS	2	2
NA20505	EUR	4	0
HG03120	AFR	0	1
NA19200	AFR	0	1
HG01879	AFR	0	1
NA18617	EAS	2	2
NA20582	EUR	4	0
HG02613	AFR	0	1
HG03063	AFR	0	1
HG01094	AMR	4	0
HG00867	EAS	2	2
HG02373	EAS	2	2
HG02628	AFR	0	1
NA19007	EAS	2	2
HG02139	EAS	2	2
NA19789	AMR	4	0
NA07037	EUR	4	0
HG02407	EAS	2	2
HG00379	EUR	4	0
HG02188	EAS	2	2
HG03685	SAS	1	3
HG03800	SAS	1	3
HG01133	AMR	4	0
HG02943	AFR	0	1
HG01783	EUR	4	0
HG01762	EUR	4	0
NA19770	AMR	3	0
HG00593	EAS	2	2
HG00128	EUR	4	0
HG01944	AMR	3	4
HG02623	AFR	0	1
HG01625	EUR	4	0
HG02946	AFR	0	1
NA19393	AFR	0	1
HG00108	EUR	4	0
HG03081	AFR	0	1
HG03755	SAS	1	3
HG02332	AFR	0	1
NA20851	SAS	1	3
HG01617	EUR	4	0
HG02783	SAS	1	3
NA19901	AFR	0	1
NA19068	EAS	2	2
NA19152	AFR	0	1
HG00554	AMR	4	0
HG02679	AFR	0	1
HG02408	EAS	2	2
NA19087	EAS	2	2
HG04059	SAS	1	3
HG00534	EAS	2	2
NA20529	EUR	4	0
NA18908	AFR	0	1
NA18555	EAS	2	2
HG00178	EUR	4	0
HG03298	AFR	0	1
NA18745	EAS	2	2
HG03955	SAS	1	3
HG02025	EAS	2	2
HG02652	SAS	1	3
NA11893	EUR	4	0
HG00737	AMR	4	0
HG00443	EAS	2	2
HG03722	SAS	1	3
HG00325	EUR	4	0
HG01148	AMR	4	0
HG02348	AMR	3	4
NA18639	EAS	2	2
HG01479	AMR	4	0
HG03741	SAS	1	3
HG03130	AFR	0	1
HG01612	EUR	4	0
HG01464	AMR	3	0
HG04229	SAS	1	3
NA20822	EUR	4	0
HG00683	EAS	2	2
HG01813	EAS	2	2
NA18946	EAS	2	2
NA20332	AFR	0	1
NA20864	SAS	1	3
NA19347	AFR	0	1
NA19818	AFR	4	0
HG02484	AFR	0	1
NA18907	AFR	0	1
NA21135	SAS	1	3
NA20757	EUR	4	0
HG00271	EUR	4	0
NA19764	AMR	4	0
HG02309	AFR	0	1
HG03898	SAS	1	3
NA18747	EAS	2	2
HG00266	EUR	4	0
HG02153	EAS	2	2
NA19401	AFR	0	1
HG01882	AFR	0	1
HG03099	AFR	0	1
NA20412	AFR	0	1
HG02230	EUR	4	0
HG01631	EUR	4	0
HG01495	AMR	4	0
NA19323	AFR	0	1
HG00349	EUR	4	0
HG03896	SAS	1	3
HG02166	EAS	2	2
HG00344	EUR	4	0
NA18877	AFR	0	1
NA18912	AFR	0	1
HG03934	SAS	1	3
HG02922	AFR	0	1
HG00599	EAS	2	2
HG00336	EUR	4	0
HG04227	SAS	1	3
HG02322	AFR	0	1
NA18620	EAS	2	2
NA18979	EAS	2	2
NA19756	AMR	3	0
HG00373	EUR	4	0
HG00742	AMR	4	0
NA18983	EAS	2	2
HG02141	EAS	2	2
NA18868	AFR	0	1
HG02979	AFR	0	1
HG02060	EAS	2	2
HG03619	SAS	1	3
HG02817	AFR	0	1
HG03019	SAS	1	3
HG03079	AFR	0	1
NA20792	EUR	4	0
HG01974	AMR	3	4
NA19399	AFR	0	1
HG03645	SAS	1	3
NA20515	EUR	4	0
HG03866	SAS	1	3
HG04002	SAS	1	3
HG01682	EUR	4	0
HG01402	AMR	4	0
HG01521	EUR	4	0
HG03577	AFR	0	1
HG01374	AMR	4	0
HG03967	SAS	1	3
HG02102	AMR	3	4
NA21112	SAS	1	3
HG00252	EUR	4	0
HG00766	EAS	2	2
HG02231	EUR	4	0
HG00381	EUR	4	0
NA20535	EUR	4	0
NA19146	AFR	0	1
NA19012	EAS	2	2
HG01513	EUR	4	0
NA18508	AFR	0	1
HG00253	EUR	4	0
NA19377	AFR	0	1
HG02308	AFR	0	1
HG02383	EAS	2	2
HG01247	AMR	4	0
NA19982	AFR	0	1
NA19473	AFR	0	1
NA18628	EAS	2	2
HG00277	EUR	4	0
NA21116	SAS	1	3
HG03224	AFR	0	1
HG03028	AFR	0	1
NA19652	AMR	4	0
NA18624	EAS	2	2
NA19773	AMR	4	0
HG01798	EAS	2	2
HG02374	EAS	2	2
HG02221	EUR	4	0
NA12761	EUR	4	0
HG03212	AFR	0	1
HG02131	EAS	2	2
HG02384	EAS	2	2
NA19755	AMR	3	4
HG03168	AFR	0	1
NA20810	EUR	4	0
NA19004	EAS	2	2
HG01403	AMR	4	0
NA20362	AFR	0	1
HG00355	EUR	4	0
NA19670	AMR	4	0
HG03085	AFR	0	1
NA20888	SAS	1	3
HG02941	AFR	0	1
NA20796	EUR	4	0
NA18643	EAS	2	2
NA19403	AFR	0	1
HG03691	SAS	1	3
HG00125	EUR	4	0
HG01121	AMR	3	0
HG00268	EUR	4	0
HG03027	AFR	0	1
NA18997	EAS	2	2
HG02067	EAS	2	2
HG00171	EUR	4	0
HG01139	AMR	3	0
NA19664	AMR	3	0
NA18917	AFR	0	1
NA07357	EUR	4	0
HG01785	EUR	4	0
NA18530	EAS	2	2
HG02003	AMR	3	4
NA20756	EUR	4	0
HG02190	EAS	2	2
HG00129	EUR	4	0
NA20299	AFR	3	0
NA20339	AFR	0	1
HG04164	SAS	1	3
HG01589	SAS	1	3
HG02006	AMR	0	0
HG03872	SAS	1	3
NA18646	EAS	2	2
HG01851	EAS	2	2
HG02982	AFR	0	1
HG02156	EAS	2	2
NA19091	EAS	2	2
NA20766	EUR	4	0
HG02497	AFR	0	1
HG03175	AFR	0	1
HG02558	AFR	0	1
HG02582	AFR	0	1
HG03743	SAS	1	3
HG00237	EUR	4	0
HG01618	EUR	4	0
HG03803	SAS	1	3
NA12413	EUR	4	0
HG03455	AFR	0	1
HG01516	EUR	4	0
HG03907	SAS	1	3
NA20540	EUR	4	0
HG01507	EUR	4	0
NA19147	AFR	0	1
HG03464	AFR	0	1
NA19920	AFR	0	1
HG04047	SAS	1	3
HG01440	AMR	4	0
HG03112	AFR	0	1
HG03057	AFR	0	1
NA20291	AFR	0	1
NA19916	AFR	0	1
HG00662	EAS	2	2
NA18943	EAS	2	2
HG01843	EAS	2	2
HG02040	EAS	2	2
HG01168	AMR	4	0
NA18519	AFR	0	1
HG02286	AMR	3	4
NA10847	EUR	4	0
HG02676	AFR	0	1
NA20878	SAS	1	3
NA19020	AFR	0	1
HG01137	AMR	3	0
HG00978	EAS	2	2
HG01205	AMR	4	0
HG00158	EUR	4	0
HG02113	EAS	2	2
HG02496	AFR	0	1
HG01095	AMR	4	0
HG02687	SAS	1	3
NA19119	AFR	0	1
NA20802	EUR	4	0
HG01766	EUR	4	0
NA20798	EUR	4	0
NA18986	EAS	2	2
HG02603	SAS	1	3
HG01204	AMR	4	0
NA20527	EUR	4	0
HG00628	EAS	2	2
HG03809	SAS	1	3
HG03096	AFR	0	1
HG02973	AFR	0	1
HG02256	AFR	0	1
NA18544	EAS	2	2
HG01845	EAS	2	2
HG04144	SAS	1	3
HG00254	EUR	4	0
NA11933	EUR	4	0
HG00613	EAS	2	2
HG00331	EUR	4	0
HG03805	SAS	1	3
HG02433	AFR	0	1
HG03476	AFR	0	1
HG01846	EAS	2	2
HG03821	SAS	1	3
NA20589	EUR	4	0
HG01459	AMR	3	0
HG03109	AFR	0	1
HG03228	SAS	1	3
HG02389	EAS	2	2
NA21125	SAS	1	3
HG01702	EUR	4	0
HG01515	EUR	4	0
HG04003	SAS	1	3
HG01064	AMR	4	0
HG03385	AFR	0	1
HG02442	AFR	0	1
HG02610	AFR	0	1
NA21092	SAS	1	3
HG02053	AFR	0	1
HG02420	AFR	0	0
HG01815	EAS	2	2
NA18881	AFR	0	1
HG03944	SAS	1	3
NA21101	SAS	1	3
HG03049	AFR	0	1
HG02089	AMR	3	0
NA19750	AMR	4	0
HG02292	AMR	3	4
HG01070	AMR	4	0
HG02557	AFR	0	1
HG01892	AMR	3	4
NA18596	EAS	2	2
HG04134	SAS	1	3
HG00590	EAS	2	2
HG01396	AMR	4	0
HG00610	EAS	2	2
NA19064	EAS	2	2
HG03690	SAS	1	3
HG02805	AFR	0	1
HG03514	AFR	0	1
HG03781	SAS	1	3
NA20813	EUR	4	0
NA19041	AFR	0	1
NA19434	AFR	0	1
NA21143	SAS	1	3
NA19456	AFR	0	1
HG03824	SAS	1	3
HG02733	SAS	1	3
HG04222	SAS	1	3
NA19394	AFR	0	1
HG00650	EAS	2	2
HG00463	EAS	2	2
HG03790	SAS	1	3
HG02521	EAS	2	2
NA18909	AFR	0	1
HG04131	SAS	1	3
HG02088	EAS	2	2
HG04186	SAS	1	3
NA20342	AFR	0	0
HG02215	EUR	4	0
NA19003	EAS	2	2
HG01893	AMR	3	0
HG04023	SAS	1	3
HG02082	EAS	2	2
HG04006	SAS	1	3
HG01277	AMR	3	0
HG01967	AMR	3	0
HG03040	AFR	0	1
HG01342	AMR	3	0
NA18941	EAS	2	2
HG01326	AMR	4	0
NA20538	EUR	4	0
NA19376	AFR	0	1
HG00879	EAS	2	2
HG02048	EAS	2	2
HG03538	AFR	0	1
HG03742	SAS	1	3
NA20768	EUR	4	0
NA21130	SAS	1	3
NA18923	AFR	0	1
NA18924	AFR	0	1
NA19711	AFR	0	1
HG02635	AFR	0	1
HG02970	AFR	0	1
NA18543	EAS	2	2
HG00244	EUR	4	0
HG01528	EUR	4	0
NA19079	EAS	2	2
HG02983	AFR	0	1
HG01965	AMR	3	4
HG01067	AMR	4	0
HG03539	AFR	0	1
NA20786	EUR	4	0
HG02811	AFR	0	1
HG02427	AFR	0	1
HG00231	EUR	4	0
NA20519	EUR	4	0
HG03391	AFR	0	1
NA20543	EUR	4	0
HG01608	EUR	4	0
NA18611	EAS	2	2
HG00106	EUR	4	0
NA21088	SAS	1	3
HG02178	EAS	2	2
HG04060	SAS	1	3
HG03875	SAS	1	3
HG04080	SAS	1	3
HG03986	SAS	1	3
NA11918	EUR	4	0
NA19984	AFR	0	0
HG02769	AFR	0	1
HG03491	SAS	1	3
NA18619	EAS	2	2
HG01871	EAS	2	2
NA19663	AMR	3	4
NA20867	SAS	1	3
HG02585	AFR	0	1
HG02594	AFR	0	1
HG00159	EUR	4	0
HG00638	AMR	4	0
HG00619	EAS	2	2
HG01551	AMR	3	0
HG03941	SAS	1	3
HG01565	AMR	3	0
NA07000	EUR	4	0
HG01989	AFR	0	1
HG01985	AFR	0	1
HG01977	AMR	3	4
HG02219	EUR	4	0
NA18990	EAS	2	2
HG03517	AFR	0	1
NA18618	EAS	2	2
HG02049	EAS	2	2
HG02759	AFR	0	1
HG02895	AFR	0	1
HG03779	SAS	1	3
HG00365	EUR	4	0
HG02016	EAS	2	2
HG01610	EUR	4	0
NA19360	AFR	0	1
NA21104	SAS	1	3
HG02757	AFR	0	1
HG03388	AFR	0	1
HG03589	SAS	1	3
NA19435	AFR	0	1
HG01111	AMR	4	0
NA18558	EAS	2	2
NA19144	AFR	0	1
NA18522	AFR	0	1
HG02881	AFR	0	1
HG03238	SAS	1	3
HG00343	EUR	4	0
HG02179	EAS	2	2
HG02343	AFR	0	1
HG03917	SAS	1	3
NA20318	AFR	0	1
HG00261	EUR	4	0
HG00245	EUR	4	0
HG01862	EAS	2	2
HG01345	AMR	4	0
HG03745	SAS	1	3
HG03088	AFR	0	1
HG01461	AMR	4	0
HG00382	EUR	4	0
HG01506	EUR	4	0
NA18981	EAS	2	2
NA19076	EAS	2	2
HG04238	SAS	1	3
HG01710	EUR	4	0
NA18757	EAS	2	2
HG03118	AFR	0	1
HG02299	AMR	3	4
HG03646	SAS	1	3
HG03947	SAS	1	3
NA19321	AFR	0	1
HG01866	EAS	2	2
HG03945	SAS	1	3
HG04100	SAS	1	3
HG02974	AFR	0	1
HG01248	AMR	4	0
HG03882	SAS	1	3
HG00328	EUR	4	0
HG00684	EAS	2	2
HG01668	EUR	4	0
NA19209	AFR	0	1
HG02678	AFR	0	1
HG02724	SAS	1	3
HG00330	EUR	4	0
HG01281	AMR	4	0
HG00367	EUR	4	0
NA20762	EUR	4	0
HG02235	EUR	4	0
HG02419	AFR	0	1
HG00701	EAS	2	2
HG04176	SAS	1	3
HG02312	AMR	3	4
HG03515	AFR	0	1
HG00186	EUR	4	0
HG00265	EUR	4	0
HG03694	SAS	1	3
HG01936	AMR	3	4
HG01867	EAS	2	2
HG03195	AFR	0	1
HG03884	SAS	1	3
NA18856	AFR	0	1
HG02355	EAS	2	2
HG00452	EAS	2	2
HG04180	SAS	1	3
NA18973	EAS	2	2
NA20758	EUR	4	0
HG01918	AMR	3	0
HG03851	SAS	1	3
HG01531	EUR	4	0
HG01932	AMR	3	4
HG03815	SAS	1	3
HG00728	EAS	2	2
HG03850	SAS	1	3
NA19116	AFR	0	1
HG01112	AMR	4	0
HG03300	AFR	0	1
HG03301	AFR	0	1
HG00259	EUR	4	0
HG03048	AFR	0	1
NA19000	EAS	2	2
HG03479	AFR	0	1
HG03985	SAS	1	3
NA21090	SAS	1	3
HG01312	AMR	4	0
HG03814	SAS	1	3
HG01708	EUR	4	0
HG03209	AFR	0	1
NA19747	AMR	3	0
HG03643	SAS	1	3
HG01536	EUR	4	0
HG02291	AMR	3	4
HG03600	SAS	1	3
NA20517	EUR	4	0
HG01462	AMR	3	0
NA20531	EUR	4	0
HG02154	EAS	2	2
HG00332	EUR	4	0
HG01260	AMR	3	0
NA18989	EAS	2	2
NA20506	EUR	4	0
HG02810	AFR	0	1
HG01869	EAS	2	2
HG03649	SAS	1	3
NA19143	AFR	0	1
NA20882	SAS	1	3
HG02703	AFR	0	1
NA18984	EAS	2	2
HG01699	EUR	4	0
HG03771	SAS	1	3
NA19731	AMR	3	4
HG04185	SAS	1	3
HG02253	AMR	4	0
HG02072	EAS	2	2
NA19776	AMR	4	0
HG01986	AFR	0	1
HG03895	SAS	1	3
HG00118	EUR	4	0
HG02836	AFR	0	1
HG01119	AMR	4	0
HG00112	EUR	4	0
NA19752	AMR	3	0
HG03100	AFR	0	1
HG03625	SAS	1	3
HG03692	SAS	1	3
HG00380	EUR	4	0
NA12249	EUR	4	0
HG01271	AMR	4	0
NA20906	SAS	1	3
NA19038	AFR	0	1
HG00151	EUR	4	0
NA12003	EUR	4	0
NA12775	EUR	4	0
NA20896	SAS	1	3
HG03225	AFR	0	1
HG01970	AMR	3	0
NA19712	AFR	0	1
NA18647	EAS	2	2
HG01849	EAS	2	2
HG03687	SAS	1	3
HG00115	EUR	4	0
HG00346	EUR	4	0
HG04219	SAS	1	3
NA19651	AMR	3	0
HG02019	EAS	2	2
NA18864	AFR	0	1
HG00372	EUR	4	0
NA19429	AFR	0	1
NA20294	AFR	0	1
HG03163	AFR	0	1
HG03382	AFR	0	1
HG00449	EAS	2	2
HG01510	EUR	4	0
HG01807	EAS	2	2
NA19099	AFR	0	1
HG02601	SAS	1	3
HG00137	EUR	4	0
HG04158	SAS	1	3
HG01896	AFR	0	1
NA12760	EUR	4	0
HG00176	EUR	4	0
NA20861	SAS	1	3
HG01412	AMR	4	0
NA20804	EUR	4	0
NA20887	SAS	1	3
NA20317	AFR	0	1
HG01284	AMR	3	0
HG03097	AFR	0	1
NA18959	EAS	2	2
HG03786	SAS	1	3
HG01272	AMR	3	0
NA21091	SAS	1	3
NA12872	EUR	4	0
HG01359	AMR	4	0
NA19239	AFR	0	1
HG02968	AFR	0	1
HG03774	SAS	1	3
NA12748	EUR	4	0
HG03990	SAS	1	3
NA12383	EUR	4	0
NA19922	AFR	0	1
NA18933	AFR	0	1
HG00445	EAS	2	2
HG03439	AFR	0	1
HG03061	AFR	0	1
NA20520	EUR	4	0
HG02339	AFR	0	1
HG03367	AFR	0	1
HG03837	SAS	1	3
HG00275	EUR	4	0
HG02756	AFR	0	1
HG01198	AMR	4	0
HG03976	SAS	1	3
HG01973	AMR	3	4
NA18577	EAS	2	2
HG03785	SAS	1	3
HG03689	SAS	1	3
HG01768	EUR	4	0
HG00407	EAS	2	2
HG01933	AMR	3	4
NA21117	SAS	1	3
HG01140	AMR	4	0
HG02445	AFR	0	1
NA19446	AFR	0	1
HG02150	AMR	3	4
NA19372	AFR	0	1
HG02737	SAS	1	3
NA18636	EAS	2	2
HG00126	EUR	4	0
NA19256	AFR	0	1
NA20503	EUR	4	0
HG01254	AMR	4	0
HG01031	EAS	2	2
HG02185	EAS	2	2
HG01707	EUR	4	0
HG03663	SAS	1	3
HG02409	EAS	2	2
HG03351	AFR	0	1
HG01494	AMR	3	0
NA20910	SAS	1	3
NA20298	AFR	0	1
HG00672	EAS	2	2
HG02634	AFR	0	1
HG01188	AMR	4	0
HG02023	EAS	2	2
HG04153	SAS	1	3
HG01101	AMR	4	0
HG01789	EUR	4	0
HG02085	EAS	2	2
NA19331	AFR	0	1
HG01954	AMR	3	4
HG02367	EAS	2	2
HG00269	EUR	4	0
HG02790	SAS	1	3
HG04025	SAS	1	3
HG03642	SAS	1	3
HG01619	EUR	4	0
NA20534	EUR	4	0
HG03575	AFR	0	1
HG01990	AFR	0	1
HG03229	SAS	1	3
HG00235	EUR	4	0
HG01623	EUR	4	0
HG03270	AFR	0	1
HG01697	EUR	4	0
HG02285	AMR	3	4
HG01344	AMR	3	0
NA18550	EAS	2	2
HG00656	EAS	2	2
HG00329	EUR	4	0
NA20281	AFR	0	1
HG00551	AMR	4	0
HG03812	SAS	1	3
NA11840	EUR	4	0
HG03867	SAS	1	3
NA19703	AFR	0	1
NA12399	EUR	4	0
NA18961	EAS	2	2
NA19081	EAS	2	2
NA19921	AFR	0	0
HG00182	EUR	4	0
NA12750	EUR	4	0
HG03823	SAS	1	3
HG00376	EUR	4	0
NA18570	EAS	2	2
NA07056	EUR	4	0
HG02681	SAS	1	3
HG04035	SAS	1	3
HG03672	SAS	1	3
NA20516	EUR	4	0
NA20522	EUR	4	0
HG02804	AFR	0	1
NA21102	SAS	1	3
NA20274	AFR	3	0
HG03644	SAS	1	3
NA19726	AMR	3	0
NA12272	EUR	4	0
HG00641	AMR	4	0
HG02008	AMR	3	4
HG02837	AFR	0	1
HG01414	AMR	4	0
NA20760	EUR	4	0
NA19454	AFR	0	1
NA18572	EAS	2	2
HG03848	SAS	1	3
HG01779	EUR	4	0
HG00473	EAS	2	2
HG03836	SAS	1	3
NA18631	EAS	2	2
NA19236	AFR	0	1
HG02643	AFR	0	1
NA19092	AFR	0	1
NA20355	AFR	0	1
NA19438	AFR	0	1
NA18608	EAS	2	2
NA21126	SAS	1	3
HG00338	EUR	4	0
HG02122	EAS	2	2
NA18615	EAS	2	2
NA19088	EAS	2	2
HG02259	AMR	3	4
HG01777	EUR	4	0
NA12044	EUR	4	0
HG01269	AMR	4	0
HG02233	EUR	4	0
HG00324	EUR	4	0
NA20511	EUR	4	0
NA19009	EAS	2	2
HG03066	AFR	0	1
HG02570	AFR	0	1
HG02275	AMR	3	4
HG01242	AMR	0	0
HG02116	EAS	2	2
HG01801	EAS	2	2
HG02771	AFR	0	1
NA21137	SAS	1	3
NA18528	EAS	2	2
HG03846	SAS	1	3
HG01811	EAS	2	2
NA20897	SAS	1	3
HG02763	AFR	0	1
HG00478	EAS	2	2
NA18962	EAS	2	2
NA19030	AFR	0	1
HG00240	EUR	4	0
HG00242	EUR	4	0
HG01390	AMR	4	0
HG01488	AMR	4	0
HG03681	SAS	1	3
HG01607	EUR	4	0
HG02252	AMR	3	4
HG03518	AFR	0	1
HG01572	AMR	3	4
HG02813	AFR	0	1
HG03267	AFR	0	1
HG03780	SAS	1	3
HG02784	SAS	1	3
HG03951	SAS	1	3
HG02820	AFR	0	1
NA19107	AFR	0	1
NA19657	AMR	3	0
HG01122	AMR	4	0
NA12763	EUR	4	0
NA21107	SAS	1	3
HG02555	AFR	0	1
HG02262	AMR	3	4
NA18633	EAS	2	2
HG04017	SAS	1	3
HG03567	AFR	0	1
HG03696	SAS	1	3
NA19171	AFR	0	1
HG03634	SAS	1	3
NA12751	EUR	4	0
HG03702	SAS	1	3
NA19324	AFR	0	1
NA20807	EUR	4	0
NA18967	EAS	2	2
HG03593	SAS	1	3
HG03916	SAS	1	3
HG02611	AFR	0	1
HG00422	EAS	2	2
HG00351	EUR	4	0
HG04090	SAS	1	3
NA19658	AMR	4	0
HG01992	AMR	3	4
HG00704	EAS	2	2
HG00956	EAS	2	2
NA21103	SAS	1	3
HG01630	EUR	4	0
HG01365	AMR	4	0
NA19138	AFR	0	1
NA19374	AFR	0	1
HG00566	EAS	2	2
HG02728	SAS	1	3
HG01953	AMR	3	0
NA19913	AFR	0	1
HG03973	SAS	1	3
NA20530	EUR	4	0
HG00246	EUR	4	0
HG01519	EUR	4	0
HG01704	EUR	4	0
HG00096	EUR	4	0
HG03757	SAS	1	3
HG01926	AMR	3	4
NA18532	EAS	2	2
HG00282	EUR	4	0
HG03862	SAS	1	3
HG02107	AFR	0	1
HG00257	EUR	4	0
HG01602	EUR	4	0
HG02371	EAS	2	2
HG02130	EAS	2	2
NA20801	EUR	4	0
HG00410	EAS	2	2
NA18579	EAS	2	2
NA18557	EAS	2	2
HG03817	SAS	1	3
NA20875	SAS	1	3
HG02655	SAS	1	3
HG01865	EAS	2	2
NA20513	EUR	4	0
HG02583	AFR	0	1
HG04018	SAS	1	3
NA21144	SAS	1	3
NA19654	AMR	3	0
NA19098	AFR	0	1
HG03754	SAS	1	3
HG03856	SAS	1	3
HG01362	AMR	4	0
NA18939	EAS	2	2
NA18498	AFR	0	1
HG01971	AMR	3	0
NA19201	AFR	0	1
HG03082	AFR	0	1
NA19437	AFR	0	1
HG01676	EUR	4	0
HG00479	EAS	2	2
NA20346	AFR	0	1
HG00260	EUR	4	0
NA19379	AFR	0	1
HG01049	AMR	4	0
NA19023	AFR	0	1
NA19383	AFR	0	1
NA12043	EUR	4	0
HG02410	EAS	2	2
HG03793	SAS	1	3
HG01961	AMR	3	4
NA20899	SAS	1	3
HG04019	SAS	1	3
HG00421	EAS	2	2
HG00140	EUR	4	0
HG01890	AFR	0	1
NA21113	SAS	1	3
HG02136	EAS	2	2
HG01051	AMR	4	0
HG03871	SAS	1	3
NA19175	AFR	0	1
NA19819	AFR	0	0
HG01323	AMR	4	0
HG03714	SAS	1	3
NA20832	EUR	4	0
NA18614	EAS	2	2
HG00290	EUR	4	0
HG01597	EAS	2	2
HG02272	AMR	3	4
HG00357	EUR	4	0
NA19466	AFR	0	1
HG03604	SAS	1	3
NA18867	AFR	0	1
NA20862	SAS	1	3
HG02364	EAS	2	2
HG01131	AMR	4	0
NA19060	EAS	2	2
NA20541	EUR	4	0
HG01771	EUR	4	0
HG00553	AMR	4	0
NA11995	EUR	4	0
HG03826	SAS	1	3
HG01810	EAS	2	2
NA20818	EUR	4	0
HG03784	SAS	1	3
HG03132	AFR	0	1
NA19684	AMR	4	0
HG03911	SAS	1	3
HG02890	AFR	0	1
HG01593	SAS	1	3
HG03521	AFR	0	1
HG01678	EUR	4	0
HG00132	EUR	4	0
HG03854	SAS	1	3
HG02882	AFR	0	1
NA18621	EAS	2	2
NA19669	AMR	4	0
HG03680	SAS	1	3
HG03583	AFR	0	1
HG00280	EUR	4	0
HG04022	SAS	1	3
NA20858	SAS	1	3
HG02133	EAS	2	2
NA18949	EAS	2	2
HG00264	EUR	4	0
HG03660	SAS	1	3
HG01794	EAS	2	2
HG01915	AFR	0	1
HG00671	EAS	2	2
HG01438	AMR	4	0
NA18562	EAS	2	2
HG02128	EAS	2	2
HG03445	AFR	0	1
HG03767	SAS	1	3
NA20850	SAS	1	3
HG03045	AFR	0	1
NA21119	SAS	1	3
NA18547	EAS	2	2
NA21123	SAS	1	3
NA07048	EUR	4	0
NA20869	SAS	1	3
NA11920	EUR	4	0
HG01873	EAS	2	2
NA19160	AFR	0	1
HG02013	AFR	0	1
HG01628	EUR	4	0
NA19308	AFR	0	1
NA18499	AFR	0	1
NA12286	EUR	4	0
HG04183	SAS	1	3
HG00238	EUR	4	0
NA18873	AFR	0	1
NA18971	EAS	2	2
HG00584	EAS	2	2
NA12874	EUR	4	0
NA19678	AMR	4	0
HG01804	EAS	2	2
NA18853	AFR	0	1
HG02029	EAS	2	2
NA20351	AFR	0	1
NA19397	AFR	0	1
HG01679	EUR	4	0
NA18616	EAS	2	2
HG00448	EAS	2	2
HG00103	EUR	4	0
NA07051	EUR	4	0
NA21106	SAS	1	3
NA18977	EAS	2	2
NA18947	EAS	2	2
NA19380	AFR	0	1
NA20542	EUR	4	0
HG03572	AFR	0	1
HG00276	EUR	4	0
NA19355	AFR	0	1
NA20287	AFR	0	1
HG02390	EAS	2	2
HG03280	AFR	0	1
HG02952	AFR	0	1
HG00148	EUR	4	0
HG04042	SAS	1	3
NA20289	AFR	0	1
HG02981	AFR	0	1
NA18865	AFR	0	1
HG04098	SAS	1	3
NA21100	SAS	1	3
HG03556	AFR	0	1
HG03653	SAS	1	3
HG04161	SAS	1	3
HG02798	AFR	0	1
NA19056	EAS	2	2
HG03829	SAS	1	3
NA12005	EUR	4	0
NA20806	EUR	4	0
HG04159	SAS	1	3
NA19090	EAS	2	2
HG00323	EUR	4	0
HG00102	EUR	4	0
NA12341	EUR	4	0
HG01308	AMR	4	0
HG03922	SAS	1	3
NA19248	AFR	0	1
HG02014	AFR	0	1
NA18553	EAS	2	2
NA19676	AMR	4	0
HG00623	EAS	2	2
HG01353	AMR	4	0
HG00475	EAS	2	2
NA19316	AFR	0	1
HG01029	EAS	2	2
NA20895	SAS	1	3
HG03303	AFR	0	1
NA18539	EAS	2	2
HG03160	AFR	0	1
NA19328	AFR	0	1
HG03394	AFR	0	1
NA12829	EUR	4	0
HG01395	AMR	4	0
HG02657	SAS	1	3
HG03469	AFR	0	1
NA20872	SAS	1	3
HG00100	EUR	4	0
HG02380	EAS	2	2
NA19035	AFR	0	1
HG02537	AFR	0	1
HG02891	AFR	0	1
HG03960	SAS	1	3
HG03366	AFR	0	1
HG01942	AMR	3	4
HG02887	AFR	0	1
HG02549	AFR	0	1
HG03311	AFR	0	1
NA19309	AFR	0	1
HG01878	EAS	2	2
HG01951	AMR	3	4
HG03565	AFR	0	1
HG00149	EUR	4	0
NA21122	SAS	1	3
NA12890	EUR	4	0
NA18980	EAS	2	2
NA19065	EAS	2	2
HG00236	EUR	4	0
NA20126	AFR	0	0
HG00731	AMR	4	0
HG04195	SAS	1	3
NA12144	EUR	4	0
HG02505	AFR	0	1
NA20504	EUR	4	0
HG02512	EAS	2	2
HG01334	EUR	4	0
HG01775	EUR	4	0
HG00263	EUR	4	0
HG03069	AFR	0	1
HG02661	SAS	1	3
HG03352	AFR	0	1
NA19430	AFR	0	1
NA21098	SAS	1	3
HG01991	AMR	3	4
HG00111	EUR	4	0
HG03060	AFR	0	1
NA19074	EAS	2	2
HG00446	EAS	2	2
HG03458	AFR	0	1
HG00154	EUR	4	0
HG03136	AFR	0	1
NA12006	EUR	4	0
HG02721	AFR	0	1
HG04118	SAS	1	3
HG03022	SAS	1	3
HG00611	EAS	2	2
NA19771	AMR	3	0
HG01512	EUR	4	0
HG03908	SAS	1	3
HG03199	AFR	0	1
HG03006	SAS	1	3
HG02345	AMR	3	4
NA20903	SAS	1	3
HG02012	AFR	0	1
HG00717	EAS	2	2
HG01624	EUR	4	0
HG03772	SAS	1	3
NA12827	EUR	4	0
NA18637	EAS	2	2
NA19062	EAS	2	2
HG02164	EAS	2	2
NA18963	EAS	2	2
NA19314	AFR	0	1
HG01842	EAS	2	2
HG01583	SAS	1	3
HG00589	EAS	2	2
HG01375	AMR	3	0
NA18545	EAS	2	2
HG02165	EAS	2	2
HG01136	AMR	4	0
HG01695	EUR	4	0
HG03667	SAS	1	3
HG03563	AFR	0	1
NA19914	AFR	0	0
NA19338	AFR	0	1
HG02382	EAS	2	2
HG02351	EAS	2	2
HG03706	SAS	1	3
NA12283	EUR	4	0
HG02151	EAS	2	2
NA20581	EUR	4	0
HG01947	AMR	3	4
HG00759	EAS	2	2
HG03861	SAS	1	3
NA20334	AFR	4	0
NA18740	EAS	2	2
HG00099	EUR	4	0
HG04210	SAS	1	3
HG03830	SAS	1	3
HG02250	EAS	2	2
HG00109	EUR	4	0
HG04209	SAS	1	3
HG03451	AFR	0	1
HG00308	EUR	4	0
NA10851	EUR	4	0
NA19083	EAS	2	2
NA21094	SAS	1	3
NA12717	EUR	4	0
HG00101	EUR	4	0
HG02146	AMR	3	4
HG00458	EAS	2	2
HG02541	AFR	0	1
HG01808	EAS	2	2
HG02009	AFR	0	0
HG00451	EAS	2	2
HG00143	EUR	4	0
HG00119	EUR	4	0
HG02667	AFR	0	1
HG03733	SAS	1	3
NA20868	SAS	1	3
HG00384	EUR	4	0
NA20356	AFR	0	1
HG01776	EUR	4	0
NA19141	AFR	0	1
HG00536	EAS	2	2
HG04014	SAS	1	3
HG01058	AMR	4	0
HG00155	EUR	4	0
NA21093	SAS	1	3
HG02879	AFR	0	1
HG03297	AFR	0	1
HG02143	AFR	0	1
NA18541	EAS	2	2
HG01781	EUR	4	0
HG02239	EUR	4	0
HG03485	AFR	0	1
NA18999	EAS	2	2
HG00110	EUR	4	0
HG02595	AFR	0	1
NA20587	EUR	4	0
NA19785	AMR	3	4
NA19312	AFR	0	1
NA18749	EAS	2	2
HG00736	AMR	4	0
HG01945	AMR	3	4
HG00740	AMR	4	0
HG03259	AFR	0	1
HG02455	AFR	0	1
HG03833	SAS	1	3
NA20278	AFR	4	0
HG00371	EUR	4	0
HG02786	SAS	1	3
NA20763	EUR	4	0
HG00464	EAS	2	2
NA19728	AMR	3	4
NA19318	AFR	0	1
HG01075	AMR	4	0
HG02793	SAS	1	3
NA20769	EUR	4	0
NA20321	AFR	0	1
HG03792	SAS	1	3
NA20894	SAS	1	3
HG02780	SAS	1	3
HG03885	SAS	1	3
HG03770	SAS	1	3
HG03121	AFR	0	1
NA18916	AFR	0	1
HG02870	AFR	0	1
NA18952	EAS	2	2
NA20826	EUR	4	0
HG00565	EAS	2	2
NA18998	EAS	2	2
NA19468	AFR	0	1
HG03295	AFR	0	1
NA19223	AFR	0	1
HG04156	SAS	1	3
HG04063	SAS	1	3
NA20814	EUR	4	0
HG00131	EUR	4	0
NA18972	EAS	2	2
HG02588	AFR	0	1
HG03343	AFR	0	1
HG01571	AMR	3	4
HG01976	AMR	3	4
HG04152	SAS	1	3
HG00690	EAS	2	2
HG00243	EUR	4	0
HG00127	EUR	4	0
HG02722	AFR	0	1
HG01935	AMR	3	4
HG01817	EAS	2	2
NA06984	EUR	4	0
HG00375	EUR	4	0
NA21124	SAS	1	3
HG00339	EUR	4	0
HG02084	EAS	2	2
HG03571	AFR	0	1
HG00189	EUR	4	0
NA18915	AFR	0	1
NA19472	AFR	0	1
NA19900	AFR	0	1
HG00657	EAS	2	2
HG03363	AFR	0	1
NA18511	AFR	0	1
NA18549	EAS	2	2
HG01485	AMR	0	0
NA19761	AMR	3	4
HG02489	AFR	0	1
HG03705	SAS	1	3
NA12878	EUR	4	0
HG02470	AFR	0	1
NA11843	EUR	4	0
NA19084	EAS	2	2
NA20761	EUR	4	0
NA18630	EAS	2	2
HG00319	EUR	4	0
HG01858	EAS	2	2
HG02002	AMR	3	4
NA19700	AFR	0	1
NA21129	SAS	1	3
HG02494	SAS	1	3
HG04171	SAS	1	3
HG00699	EAS	2	2
NA20771	EUR	4	0
NA19732	AMR	3	4
HG01870	EAS	2	2
NA20770	EUR	4	0
HG04206	SAS	1	3
HG01187	AMR	4	0
HG02353	EAS	2	2
NA20525	EUR	4	0
NA20876	SAS	1	3
HG02491	SAS	1	3
HG01757	EUR	4	0
HG03091	AFR	0	1
HG03738	SAS	1	3
HG02010	AFR	0	1
NA19159	AFR	0	1
NA18605	EAS	2	2
NA20127	AFR	0	1
HG01761	EUR	4	0
HG01107	AMR	4	0
NA19440	AFR	0	1
NA12004	EUR	4	0
HG03139	AFR	0	1
HG03928	SAS	1	3
NA18501	AFR	0	1
NA18560	EAS	2	2
HG03470	AFR	0	1
HG01868	EAS	2	2
HG03760	SAS	1	3
NA19054	EAS	2	2
HG03024	AFR	0	1
HG02394	EAS	2	2
NA19834	AFR	0	1
HG00596	EAS	2	2
HG04093	SAS	1	3
HG04198	SAS	1	3
HG03777	SAS	1	3
HG01503	EUR	4	0
NA19002	EAS	2	2
HG01183	AMR	4	0
HG02054	AFR	0	1
HG02379	EAS	2	2
HG01864	EAS	2	2
HG03720	SAS	1	3
HG00361	EUR	4	0
HG03240	AFR	0	1
NA18561	EAS	2	2
HG03354	AFR	0	1
HG02702	AFR	0	1
HG02315	AFR	0	1
NA12813	EUR	4	0
HG01280	AMR	4	0
HG04020	SAS	1	3
HG03974	SAS	1	3
NA21111	SAS	1	3
HG03868	SAS	1	3
NA11830	EUR	4	0
HG01860	EAS	2	2
HG01799	EAS	2	2
NA18531	EAS	2	2
NA19794	AMR	4	0
HG00631	EAS	2	2
HG02586	AFR	0	1
HG01767	EUR	4	0
NA19682	AMR	3	0
HG03372	AFR	0	1
HG04001	SAS	1	3
NA11931	EUR	4	0
HG00353	EUR	4	0
HG03652	SAS	1	3
NA20892	SAS	1	3
NA19121	AFR	0	1
HG03446	AFR	0	1
HG01632	EUR	4	0
NA12889	EUR	4	0
NA20800	EUR	4	0
HG02401	EAS	2	2
HG01197	AMR	4	0
NA19334	AFR	0	1
NA18641	EAS	2	2
NA19777	AMR	3	0
NA19197	AFR	0	1
HG00734	AMR	4	0
NA20539	EUR	4	0
NA19443	AFR	0	1
HG01939	AMR	3	4
NA12828	EUR	4	0
HG02017	EAS	2	2
HG03931	SAS	1	3
HG03279	AFR	0	1
NA21110	SAS	1	3
NA21120	SAS	1	3
HG03989	SAS	1	3
NA19448	AFR	0	1
HG00362	EUR	4	0
NA19909	AFR	0	1
HG01795	EAS	2	2
HG03857	SAS	1	3
NA20805	EUR	4	0
HG01853	EAS	2	2
HG00559	EAS	2	2
NA18626	EAS	2	2
NA20891	SAS	1	3
HG01894	AFR	0	1
HG01797	EAS	2	2
HG01841	EAS	2	2
NA18574	EAS	2	2
HG01149	AMR	3	0
HG01405	AMR	4	0
HG04096	SAS	1	3
NA19384	AFR	0	1
HG02375	EAS	2	2
HG02050	EAS	2	2
NA19735	AMR	3	4
NA19908	AFR	0	1
NA19095	AFR	0	1
NA20509	EUR	4	0
HG02600	SAS	1	3
HG02155	EAS	2	2
HG02768	AFR	0	1
HG03684	SAS	1	3
HG02406	EAS	2	2
HG02277	AMR	3	4
HG03077	AFR	0	1
HG00337	EUR	4	0
HG01413	AMR	4	0
NA12546	EUR	4	0
NA18546	EAS	2	2
HG00232	EUR	4	0
HG01859	EAS	2	2
HG01673	EUR	4	0
HG02223	EUR	4	0
HG04062	SAS	1	3
HG03736	SAS	1	3
HG03073	AFR	0	1
HG01694	EUR	4	0
HG02104	AMR	3	4
HG03953	SAS	1	3
NA18534	EAS	2	2
HG00500	EAS	2	2
HG03773	SAS	1	3
HG03433	AFR	0	1
HG03437	AFR	0	1
NA19317	AFR	0	1
HG01556	AMR	4	0
HG03127	AFR	0	1
NA21099	SAS	1	3
HG01747	EUR	4	0
HG00288	EUR	4	0
HG00239	EUR	4	0
HG01182	AMR	4	0
NA20508	EUR	4	0
HG03978	SAS	1	3
HG01938	AMR	3	4
HG02852	AFR	0	1
NA18975	EAS	2	2
NA19027	AFR	0	1
HG01092	AMR	4	0
HG02323	AFR	0	1
HG01348	AMR	3	0
HG03802	SAS	1	3
NA19207	AFR	0	1
HG00250	EUR	4	0
NA18994	EAS	2	2
HG01874	EAS	2	2
NA18985	EAS	2	2
HG02360	EAS	2	2
HG03905	SAS	1	3
HG02725	SAS	1	3
NA21109	SAS	1	3
NA18954	EAS	2	2
NA07347	EUR	4	0
HG02450	AFR	0	1
NA12154	EUR	4	0
HG00285	EUR	4	0
HG03086	AFR	0	1
HG03234	SAS	1	3
HG03899	SAS	1	3
HG00654	EAS	2	2
HG04182	SAS	1	3
NA19113	AFR	0	1
HG01372	AMR	4	0
HG03052	AFR	0	1
HG03135	AFR	0	1
HG03021	SAS	1	3
NA20854	SAS	1	3
HG02620	AFR	0	1
HG02493	SAS	1	3
HG01979	AMR	3	4
NA19117	AFR	0	1
NA12058	EUR	4	0
HG00142	EUR	4	0
HG01927	AMR	3	4
NA20772	EUR	4	0
HG02944	AFR	0	1
HG02947	AFR	0	1
HG04033	SAS	1	3
NA18950	EAS	2	2
HG02137	EAS	2	2
HG01863	EAS	2	2
HG03271	AFR	0	1
HG02317	AFR	0	1
NA19449	AFR	0	1
HG01997	AMR	3	4
HG03484	AFR	0	1
HG03159	AFR	0	1
HG04099	SAS	1	3
HG02334	AFR	0	1
NA19078	EAS	2	2
NA20753	EUR	4	0
HG01468	AMR	4	0
HG02318	AFR	0	1
NA19451	AFR	0	1
HG03084	AFR	0	1
HG01756	EUR	4	0
NA19210	AFR	0	1
HG00707	EAS	2	2
NA20846	SAS	1	3
NA20866	SAS	1	3
HG03378	AFR	0	1
NA19058	EAS	2	2
NA20296	AFR	0	1
HG01286	AMR	4	0
NA19235	AFR	0	1
NA20901	SAS	1	3
NA21105	SAS	1	3
NA19774	AMR	4	0
HG00419	EAS	2	2
HG03778	SAS	1	3
HG01063	AMR	0	0
HG03488	SAS	1	3
NA19431	AFR	0	1
HG01351	AMR	4	0
HG01950	AMR	3	4
HG02604	SAS	1	3
HG02399	EAS	2	2
NA19734	AMR	3	0
HG00689	EAS	2	2
NA18563	EAS	2	2
HG01705	EUR	4	0
NA20877	SAS	1	3
NA20585	EUR	4	0
NA06989	EUR	4	0
HG00181	EUR	4	0
NA19390	AFR	0	1
NA20849	SAS	1	3
HG01848	EAS	2	2
NA19093	AFR	0	1
HG01311	AMR	4	0
HG00403	EAS	2	2
HG01504	EUR	4	0
HG00327	EUR	4	0
HG02220	EUR	4	0
NA18548	EAS	2	2
NA18966	EAS	2	2
HG03123	AFR	0	1
HG02923	AFR	0	1
HG00409	EAS	2	2
HG01872	EAS	2	2
HG01805	EAS	2	2
HG02429	AFR	0	1
NA18957	EAS	2	2
